N,DFT_T_time_ms,FFT_T_time_ms,DCT_T_time_ms
64,0.383745,0.3546,0.153439
128,1.48286,0.244746,0.139208
256,11.1444,0.650771,0.216125
512,64.0711,2.64637,0.366875
1024,441.088,10.5732,1.1785
2048,3180.51,46.3563,4.22158
