N,DFT_time_ms,FFT_ITER_time_ms,FFT_RECUR_time_ms,DCT_time_ms
64,1.93433,0.0772491,0.133533,0.189763
128,11.3299,0.604275,0.624259,0.747861
256,92.8326,3.73125,3.2294,2.99296
512,743.557,18.2728,16.989,11.8803
1024,5927.25,98.2532,89.3839,48.2105
2048,47135.9,425.898,382.229,199.319
