N,DFT_time_ms,FFT_ITER_time_ms,FFT_RECUR_time_ms,DCT_time_ms
64,0.961022,0.128463,0.130105,0.0206691
128,6.166,0.199108,0.282283,0.070625
256,47.1719,2.5834,1.76854,0.307666
512,382.296,15.0457,10.1797,1.21308
1024,3067.76,72.2569,57.9228,5.70617
2048,24612.1,396.58,336.502,53.8783
