N,DFT_time_ms,DFT_T_time_ms,FFT_ITER_time_ms,FFT_RECUR_time_ms,FFT_T_time_ms,DCT_time_ms,DCT_T_time_ms
64,0.70149,0.383745,0.1238,0.111372,0.3546,0.020905,0.153439
128,5.88633,1.48286,0.218263,0.289404,0.244746,0.0771947,0.139208
256,47.8391,11.1444,1.08421,1.46656,0.650771,0.351792,0.216125
512,399.63,64.0711,5.63892,6.42887,2.64637,2.03429,0.366875
1024,3109.53,441.088,24.1781,28.8158,10.5732,10.1582,1.1785
2048,24867.8,3180.51,106.473,124.651,46.3563,46.0291,4.22158
