N,DFT_time_ms,FFT_ITER_time_ms,FFT_RECUR_time_ms,DCT_time_ms
64,0.891354,0.137492,0.13485,0.0215226
128,6.29871,0.217454,0.289333,0.074333
256,47.3762,1.08829,1.3924,0.328875
512,382.159,5.45504,6.63754,2.03417
1024,3083.09,23.6654,28.9641,9.9985
2048,24688.2,106.66,127.128,42.9427
